--
-- Script was generated by Devart dbForge Studio 2020 for MySQL, Version 9.0.689.0
-- Product home page: http://www.devart.com/dbforge/mysql/studio
-- Script date 07.12.2021 13:58:45
-- Server version: 8.0.27
-- Client version: 4.1
--

-- 
-- Disable foreign keys
-- 
/*!40014 SET @OLD_FOREIGN_KEY_CHECKS=@@FOREIGN_KEY_CHECKS, FOREIGN_KEY_CHECKS=0 */;

-- 
-- Set SQL mode
-- 
/*!40101 SET @OLD_SQL_MODE=@@SQL_MODE, SQL_MODE='NO_AUTO_VALUE_ON_ZERO' */;

-- 
-- Set character set the client will use to send SQL statements to the server
--
SET NAMES 'utf8';

--
-- Set default database
--
USE dealer;

--
-- Drop table `clients`
--
DROP TABLE IF EXISTS clients;

--
-- Drop table `credit`
--
DROP TABLE IF EXISTS credit;

--
-- Drop table `delivery`
--
DROP TABLE IF EXISTS delivery;

--
-- Drop table `payment_type`
--
DROP TABLE IF EXISTS payment_type;

--
-- Drop table `technical_data`
--
DROP TABLE IF EXISTS technical_data;

--
-- Drop table `body`
--
DROP TABLE IF EXISTS body;

--
-- Drop table `engine_location`
--
DROP TABLE IF EXISTS engine_location;

--
-- Drop table `engine_type`
--
DROP TABLE IF EXISTS engine_type;

--
-- Drop table `product`
--
DROP TABLE IF EXISTS product;

--
-- Drop table `availability`
--
DROP TABLE IF EXISTS availability;

--
-- Drop table `brand`
--
DROP TABLE IF EXISTS brand;

--
-- Drop table `country`
--
DROP TABLE IF EXISTS country;

--
-- Set default database
--
USE dealer;

--
-- Create table `country`
--
CREATE TABLE country (
  id_country int NOT NULL AUTO_INCREMENT,
  country tinytext DEFAULT NULL,
  PRIMARY KEY (id_country)
)
ENGINE = INNODB,
AUTO_INCREMENT = 9,
AVG_ROW_LENGTH = 2048,
CHARACTER SET utf8mb4,
COLLATE utf8mb4_0900_ai_ci;

--
-- Create table `brand`
--
CREATE TABLE brand (
  id_brand int NOT NULL AUTO_INCREMENT,
  brand tinytext DEFAULT NULL,
  PRIMARY KEY (id_brand)
)
ENGINE = INNODB,
AUTO_INCREMENT = 15,
AVG_ROW_LENGTH = 1489,
CHARACTER SET utf8mb4,
COLLATE utf8mb4_0900_ai_ci;

--
-- Create table `availability`
--
CREATE TABLE availability (
  id_availability int NOT NULL AUTO_INCREMENT,
  availability tinytext DEFAULT NULL,
  PRIMARY KEY (id_availability)
)
ENGINE = INNODB,
AUTO_INCREMENT = 3,
AVG_ROW_LENGTH = 8192,
CHARACTER SET utf8mb4,
COLLATE utf8mb4_0900_ai_ci;

--
-- Create table `product`
--
CREATE TABLE product (
  id_product int NOT NULL AUTO_INCREMENT,
  id_country int DEFAULT NULL,
  id_brand int DEFAULT NULL,
  model tinytext DEFAULT NULL,
  id_availability int DEFAULT NULL,
  price int DEFAULT NULL,
  PRIMARY KEY (id_product)
)
ENGINE = INNODB,
AUTO_INCREMENT = 10,
CHARACTER SET utf8mb4,
COLLATE utf8mb4_0900_ai_ci;

--
-- Create foreign key
--
ALTER TABLE product
ADD CONSTRAINT FK_product_availability_id_availability FOREIGN KEY (id_availability)
REFERENCES availability (id_availability);

--
-- Create foreign key
--
ALTER TABLE product
ADD CONSTRAINT FK_product_brand_id_brand FOREIGN KEY (id_brand)
REFERENCES brand (id_brand);

--
-- Create foreign key
--
ALTER TABLE product
ADD CONSTRAINT FK_product_country_id_country FOREIGN KEY (id_country)
REFERENCES country (id_country);

--
-- Create table `engine_type`
--
CREATE TABLE engine_type (
  id_engine_type int NOT NULL AUTO_INCREMENT,
  engine_type tinytext DEFAULT NULL,
  PRIMARY KEY (id_engine_type)
)
ENGINE = INNODB,
AUTO_INCREMENT = 5,
AVG_ROW_LENGTH = 4096,
CHARACTER SET utf8mb4,
COLLATE utf8mb4_0900_ai_ci;

--
-- Create table `engine_location`
--
CREATE TABLE engine_location (
  `id_engine location` int NOT NULL AUTO_INCREMENT,
  `engine location` tinytext DEFAULT NULL,
  PRIMARY KEY (`id_engine location`)
)
ENGINE = INNODB,
AUTO_INCREMENT = 3,
AVG_ROW_LENGTH = 8192,
CHARACTER SET utf8mb4,
COLLATE utf8mb4_0900_ai_ci;

--
-- Create table `body`
--
CREATE TABLE body (
  id_body int NOT NULL AUTO_INCREMENT,
  body tinytext DEFAULT NULL,
  PRIMARY KEY (id_body)
)
ENGINE = INNODB,
AUTO_INCREMENT = 4,
AVG_ROW_LENGTH = 8192,
CHARACTER SET utf8mb4,
COLLATE utf8mb4_0900_ai_ci;

--
-- Create table `technical_data`
--
CREATE TABLE technical_data (
  id_product int DEFAULT NULL,
  id_body int DEFAULT NULL,
  number_of_doors tinytext DEFAULT NULL,
  number_of_seats tinytext DEFAULT NULL,
  id_engine_type int DEFAULT NULL,
  id_engine_location int DEFAULT NULL,
  engine_capacity tinytext DEFAULT NULL
)
ENGINE = INNODB,
CHARACTER SET utf8mb4,
COLLATE utf8mb4_0900_ai_ci;

--
-- Create foreign key
--
ALTER TABLE technical_data
ADD CONSTRAINT FK_technical_data_body_id_body FOREIGN KEY (id_body)
REFERENCES body (id_body);

--
-- Create foreign key
--
ALTER TABLE technical_data
ADD CONSTRAINT `FK_technical_data_engine_location_id_engine location` FOREIGN KEY (id_engine_location)
REFERENCES engine_location (`id_engine location`);

--
-- Create foreign key
--
ALTER TABLE technical_data
ADD CONSTRAINT FK_technical_data_engine_type_id_engine_type FOREIGN KEY (id_engine_type)
REFERENCES engine_type (id_engine_type);

--
-- Create foreign key
--
ALTER TABLE technical_data
ADD CONSTRAINT FK_technical_data_product_id_product FOREIGN KEY (id_product)
REFERENCES product (id_product);

--
-- Create table `payment_type`
--
CREATE TABLE payment_type (
  `id_payment type` int NOT NULL AUTO_INCREMENT,
  `payment type` tinytext DEFAULT NULL,
  PRIMARY KEY (`id_payment type`)
)
ENGINE = INNODB,
AUTO_INCREMENT = 3,
AVG_ROW_LENGTH = 8192,
CHARACTER SET utf8mb4,
COLLATE utf8mb4_0900_ai_ci;

--
-- Create table `delivery`
--
CREATE TABLE delivery (
  id_delivery int NOT NULL AUTO_INCREMENT,
  delivery tinytext DEFAULT NULL,
  PRIMARY KEY (id_delivery)
)
ENGINE = INNODB,
AUTO_INCREMENT = 3,
AVG_ROW_LENGTH = 8192,
CHARACTER SET utf8mb4,
COLLATE utf8mb4_0900_ai_ci;

--
-- Create table `credit`
--
CREATE TABLE credit (
  id_credit int NOT NULL AUTO_INCREMENT,
  credit tinytext DEFAULT NULL,
  PRIMARY KEY (id_credit)
)
ENGINE = INNODB,
AUTO_INCREMENT = 3,
AVG_ROW_LENGTH = 8192,
CHARACTER SET utf8mb4,
COLLATE utf8mb4_0900_ai_ci;

--
-- Create table `clients`
--
CREATE TABLE clients (
  id_clients int NOT NULL AUTO_INCREMENT,
  id_product int DEFAULT NULL,
  surname tinytext DEFAULT NULL,
  name tinytext DEFAULT NULL,
  patronymic tinytext DEFAULT NULL,
  passport_series tinytext DEFAULT NULL,
  passport_number tinytext DEFAULT NULL,
  home_address tinytext DEFAULT NULL,
  telephone tinytext DEFAULT NULL,
  id_delivery int DEFAULT NULL,
  id_payment_type int DEFAULT NULL,
  id_credit int DEFAULT NULL,
  PRIMARY KEY (id_clients)
)
ENGINE = INNODB,
CHARACTER SET utf8mb4,
COLLATE utf8mb4_0900_ai_ci;

--
-- Create foreign key
--
ALTER TABLE clients
ADD CONSTRAINT FK_clients_credit_id_credit FOREIGN KEY (id_credit)
REFERENCES credit (id_credit);

--
-- Create foreign key
--
ALTER TABLE clients
ADD CONSTRAINT FK_clients_delivery_id_delivery FOREIGN KEY (id_delivery)
REFERENCES delivery (id_delivery);

--
-- Create foreign key
--
ALTER TABLE clients
ADD CONSTRAINT `FK_clients_payment_type_id_payment type` FOREIGN KEY (id_payment_type)
REFERENCES payment_type (`id_payment type`);

--
-- Create foreign key
--
ALTER TABLE clients
ADD CONSTRAINT FK_clients_product_id_product FOREIGN KEY (id_product)
REFERENCES product (id_product);

-- 
-- Dumping data for table country
--
INSERT INTO country VALUES
(1, 'Россия'),
(2, 'Япония'),
(3, 'Германия'),
(4, 'США'),
(5, 'Великобритания'),
(6, 'Таиланд'),
(7, 'Словакия'),
(8, 'Венгрия');

-- 
-- Dumping data for table brand
--
INSERT INTO brand VALUES
(1, 'Lada'),
(2, 'Hyundai'),
(3, 'Toyota'),
(4, 'Tesla'),
(5, 'Honda'),
(6, 'Renault'),
(7, 'Volvo'),
(8, 'Chevrolet'),
(9, 'Kia'),
(10, 'Skoda'),
(12, 'Audi'),
(13, 'Ford'),
(14, 'BMW');

-- 
-- Dumping data for table availability
--
INSERT INTO availability VALUES
(1, 'да'),
(2, 'нет');

-- 
-- Dumping data for table engine_type
--
INSERT INTO engine_type VALUES
(1, 'ДВС инжектор'),
(2, 'ДВС карбюратор'),
(3, 'ДВС дизель'),
(4, 'Электродвигатель');

-- 
-- Dumping data for table engine_location
--
INSERT INTO engine_location VALUES
(1, 'продольное'),
(2, 'поперечное');

-- 
-- Dumping data for table body
--
INSERT INTO body VALUES
(1, 'седан'),
(2, 'купе'),
(3, 'универсал');

-- 
-- Dumping data for table product
--
INSERT INTO product VALUES
(1, 1, 1, 'Granta Cross', 1, 399410),
(3, 1, 13, 'Focus', 1, 750000),
(4, 1, 12, 'A3', 1, 2675000),
(5, 2, 5, 'CR-V', 1, 3037900),
(6, 2, 3, 'COROLLA', 1, 1598000),
(7, 3, 14, 'X1', 2, 2790000),
(8, 5, 13, 'Fiesta', 1, 800000),
(9, 1, 1, 'Vesta', 1, 835900);

-- 
-- Dumping data for table payment_type
--
INSERT INTO payment_type VALUES
(1, 'перечисление'),
(2, 'наличные');

-- 
-- Dumping data for table delivery
--
INSERT INTO delivery VALUES
(1, 'да'),
(2, 'нет');

-- 
-- Dumping data for table credit
--
INSERT INTO credit VALUES
(1, 'да'),
(2, 'нет');

-- 
-- Dumping data for table technical_data
--
INSERT INTO technical_data VALUES
(NULL, NULL, NULL, NULL, NULL, NULL, NULL);

-- 
-- Dumping data for table clients
--
-- Table dealer.clients does not contain any data (it is empty)

-- 
-- Restore previous SQL mode
-- 
/*!40101 SET SQL_MODE=@OLD_SQL_MODE */;

-- 
-- Enable foreign keys
-- 
/*!40014 SET FOREIGN_KEY_CHECKS = @OLD_FOREIGN_KEY_CHECKS */;